{"inputUnits":[34],"outputUnits":2,"inputs":{"0":{"dtype":"number","min":341.31048310337474,"max":455.64325135586085},"1":{"dtype":"number","min":83.65282054997792,"max":99.51394231695878},"2":{"dtype":"number","min":347.21625493516234,"max":460.91283965529055},"3":{"dtype":"number","min":74.26236991064357,"max":91.51980572973775},"4":{"dtype":"number","min":330.4404096993786,"max":445.45271667123535},"5":{"dtype":"number","min":75.13174640737313,"max":92.09538509971216},"6":{"dtype":"number","min":355.6662323414466,"max":468.3859187492385},"7":{"dtype":"number","min":79.65560256853902,"max":93.90092816269188},"8":{"dtype":"number","min":314.7791770652488,"max":427.678814566391},"9":{"dtype":"number","min":81.16623608921935,"max":97.42908946254795},"10":{"dtype":"number","min":328.48604258040933,"max":449.14528711032676},"11":{"dtype":"number","min":125.49143830238029,"max":139.11957954570332},"12":{"dtype":"number","min":320.48930229499325,"max":433.55265239990706},"13":{"dtype":"number","min":127.58427015754447,"max":137.54141140170032},"14":{"dtype":"number","min":340.2147243269238,"max":442.27559139854026},"15":{"dtype":"number","min":167.6544992547286,"max":208.2454742372152},"16":{"dtype":"number","min":314.6610996179413,"max":420.42683963887174},"17":{"dtype":"number","min":191.50092944764253,"max":210.79237315157468},"18":{"dtype":"number","min":330.75445104528353,"max":444.04560022186814},"19":{"dtype":"number","min":147.48100355122287,"max":278.185622603805},"20":{"dtype":"number","min":323.9108514321013,"max":444.14681953296326},"21":{"dtype":"number","min":147.6724677429794,"max":280.82134135285315},"22":{"dtype":"number","min":342.4294803017064,"max":425.0470059935809},"23":{"dtype":"number","min":245.64134802269888,"max":267.1883477105035},"24":{"dtype":"number","min":331.35870444611965,"max":424.42374305650736},"25":{"dtype":"number","min":245.87596216629356,"max":267.48307077508224},"26":{"dtype":"number","min":332.0840341073495,"max":420.7997366327059},"27":{"dtype":"number","min":346.4781001576206,"max":372.04184786850476},"28":{"dtype":"number","min":330.3900253563596,"max":425.0886187637061},"29":{"dtype":"number","min":347.37984402602643,"max":371.7795394689251},"30":{"dtype":"number","min":328.83984065660024,"max":402.9962333694071},"31":{"dtype":"number","min":448.1665586356298,"max":488.88430768286275},"32":{"dtype":"number","min":325.2780169213724,"max":402.8209461710374},"33":{"dtype":"number","min":447.9367237946211,"max":488.6490819979364}},"outputs":{"0":{"dtype":"string","min":0,"max":1,"uniqueValues":["p","r"],"legend":{"p":[1,0],"r":[0,1]}}},"isNormalized":true}