{"inputUnits":[34],"outputUnits":2,"inputs":{"0":{"dtype":"number","min":253.11097381175375,"max":417.335771705672},"1":{"dtype":"number","min":49.339429472389725,"max":153.24094478614612},"2":{"dtype":"number","min":258.7048538386473,"max":424.01050381725526},"3":{"dtype":"number","min":42.40442019457008,"max":149.68993902671173},"4":{"dtype":"number","min":246.36424163163986,"max":410.14924047518423},"5":{"dtype":"number","min":42.47244911119486,"max":149.21205338446484},"6":{"dtype":"number","min":265.0068691320586,"max":433.9428603858278},"7":{"dtype":"number","min":49.370854844359144,"max":152.64431304634198},"8":{"dtype":"number","min":238.86731354116694,"max":407.04257719698006},"9":{"dtype":"number","min":47.76016205607334,"max":156.84888694718566},"10":{"dtype":"number","min":280.4420318008631,"max":436.4102836147851},"11":{"dtype":"number","min":93.67899576822916,"max":179.29474873384765},"12":{"dtype":"number","min":227.33179698445875,"max":394.02081048976606},"13":{"dtype":"number","min":95.38130345632689,"max":177.15117872807014},"14":{"dtype":"number","min":303.69125425699394,"max":468.77775731374874},"15":{"dtype":"number","min":111.4366819147478,"max":193.755432485837},"16":{"dtype":"number","min":210.0401761239035,"max":353.44600863391656},"17":{"dtype":"number","min":110.70517021313046,"max":198.58980093318348},"18":{"dtype":"number","min":325.80794128061035,"max":475.52838747496725},"19":{"dtype":"number","min":70.7536259403935,"max":241.0089048865246},"20":{"dtype":"number","min":195.04928112959536,"max":350.0538055241456},"21":{"dtype":"number","min":65.18589904666177,"max":246.5525416324013},"22":{"dtype":"number","min":279.3404792763336,"max":433.0308470251964},"23":{"dtype":"number","min":188.22590372483398,"max":273.345914546974},"24":{"dtype":"number","min":237.84122444732844,"max":398.35313986616524},"25":{"dtype":"number","min":193.797271906981,"max":272.07136068660145},"26":{"dtype":"number","min":277.6903923584936,"max":447.4859059949135},"27":{"dtype":"number","min":271.0770890680205,"max":334.5589046961615},"28":{"dtype":"number","min":247.70536307470607,"max":370.13334991871494},"29":{"dtype":"number","min":265.6356650904605,"max":344.23265185737233},"30":{"dtype":"number","min":286.29373472336437,"max":468.01577205546414},"31":{"dtype":"number","min":336.72827796861674,"max":402.87248964662905},"32":{"dtype":"number","min":243.86648077713815,"max":355.6695033142209},"33":{"dtype":"number","min":347.7249222842806,"max":434.65248033549585}},"outputs":{"0":{"dtype":"string","min":0,"max":1,"uniqueValues":["p","r"],"legend":{"p":[1,0],"r":[0,1]}}},"isNormalized":true}