{"inputUnits":[34],"outputUnits":2,"inputs":{"0":{"dtype":"number","min":264.25807008501613,"max":354.50980708845407},"1":{"dtype":"number","min":46.45779793722588,"max":206.57537687126887},"2":{"dtype":"number","min":272.2208010429992,"max":367.4866591187713},"3":{"dtype":"number","min":35.72428772091632,"max":194.02783072250395},"4":{"dtype":"number","min":267.7693643253914,"max":351.0783763982167},"5":{"dtype":"number","min":38.46301370661625,"max":195.46731275889374},"6":{"dtype":"number","min":297.75462278845714,"max":390.9530193485014},"7":{"dtype":"number","min":42.40727802001477,"max":198.7552595975106},"8":{"dtype":"number","min":269.0880752771686,"max":346.481696234809},"9":{"dtype":"number","min":44.76067675019797,"max":198.29662456847075},"10":{"dtype":"number","min":301.9754676744487,"max":387.3176036336501},"11":{"dtype":"number","min":98.73171986659833,"max":246.26079061110346},"12":{"dtype":"number","min":303.87046888325415,"max":372.5174943652534},"13":{"dtype":"number","min":95.83828634221186,"max":235.2405567429451},"14":{"dtype":"number","min":236.32681387442128,"max":380.9848086411028},"15":{"dtype":"number","min":189.6463149518762,"max":263.70846367254126},"16":{"dtype":"number","min":243.34148325185794,"max":366.3972012108994},"17":{"dtype":"number","min":186.29823383532073,"max":278.88573369552284},"18":{"dtype":"number","min":154.63283010858308,"max":366.9288453814114},"19":{"dtype":"number","min":242.98941718207465,"max":287.62093289321393},"20":{"dtype":"number","min":161.21772156356602,"max":363.12670672381364},"21":{"dtype":"number","min":229.13167079754504,"max":283.7467596637807},"22":{"dtype":"number","min":358.7683450501797,"max":407.3948023983842},"23":{"dtype":"number","min":261.7473401521381,"max":366.7079754507797},"24":{"dtype":"number","min":346.52198895608706,"max":411.9524646781341},"25":{"dtype":"number","min":253.64738955135232,"max":363.74570017437253},"26":{"dtype":"number","min":295.09987635919225,"max":388.27504535399913},"27":{"dtype":"number","min":384.66978850188076,"max":431.5708022089729},"28":{"dtype":"number","min":307.3760094001279,"max":390.67230046144005},"29":{"dtype":"number","min":384.8369397615131,"max":431.7854674936038},"30":{"dtype":"number","min":352.59595606991655,"max":382.6228115386665},"31":{"dtype":"number","min":505.64948306910935,"max":522.7975802951388},"32":{"dtype":"number","min":352.4919922588861,"max":383.8767541361134},"33":{"dtype":"number","min":499.8548771670454,"max":522.4446296320091}},"outputs":{"0":{"dtype":"string","min":0,"max":1,"uniqueValues":["p","r"],"legend":{"p":[1,0],"r":[0,1]}}},"isNormalized":true}